{
  "users": {
    "120363284474186038@newsletter": {
      "status_deposit": false,
      "saldo": 0,
      "jid": "120363284474186038@newsletter",
      "name": "120363284474186038",
      "date": "29 Januari 2025",
      "limit": 100,
      "hitcmd": 0,
      "balance": 10000,
      "banned": false,
      "premium": false,
      "expired": 1738739366387
    },
    "6285182302594@s.whatsapp.net": {
      "status_deposit": false,
      "saldo": 0,
      "jid": "6285182302594@s.whatsapp.net",
      "name": "asuma costumer service",
      "date": "29 Januari 2025",
      "limit": 100,
      "hitcmd": 72,
      "balance": 10000,
      "banned": false,
      "premium": false,
      "expired": 1738739319798
    },
    "6281513607731@s.whatsapp.net": {
      "status_deposit": false,
      "saldo": 0,
      "jid": "6281513607731@s.whatsapp.net",
      "name": "tuan muda.",
      "date": "29 Januari 2025",
      "limit": 47,
      "hitcmd": 75,
      "balance": 10000,
      "banned": false,
      "premium": false,
      "expired": 1738747505809
    },
    "120363314209665405@newsletter": {
      "status_deposit": false,
      "saldo": 0,
      "jid": "120363314209665405@newsletter",
      "name": "120363314209665405",
      "date": "29 Januari 2025",
      "limit": 100,
      "hitcmd": 0,
      "balance": 10000,
      "banned": false,
      "premium": false,
      "expired": 1738754628788
    },
    "120363144038483540@newsletter": {
      "status_deposit": false,
      "saldo": 0,
      "jid": "120363144038483540@newsletter",
      "name": "120363144038483540",
      "date": "29 Januari 2025",
      "limit": 100,
      "hitcmd": 0,
      "balance": 10000,
      "banned": false,
      "premium": false,
      "expired": 1738770090937
    },
    "6287864118700@s.whatsapp.net": {
      "status_deposit": false,
      "saldo": 0,
      "jid": "6287864118700@s.whatsapp.net",
      "name": "dapa",
      "date": "29 Januari 2025",
      "limit": 100,
      "hitcmd": 3,
      "balance": 10000,
      "banned": false,
      "premium": false,
      "expired": 1738771802206
    },
    "6285210477976@s.whatsapp.net": {
      "status_deposit": false,
      "saldo": 0
    },
    "6289654875268@s.whatsapp.net": {
      "status_deposit": false,
      "saldo": 0
    },
    "6289636102249@s.whatsapp.net": {
      "status_deposit": false,
      "saldo": 0
    },
    "6285738826315@s.whatsapp.net": {
      "status_deposit": false,
      "saldo": 0,
      "jid": "6285738826315@s.whatsapp.net",
      "name": "Nata Sja,,,,,,",
      "date": "30 Januari 2025",
      "limit": 100,
      "hitcmd": 1,
      "balance": 10000,
      "banned": false,
      "premium": false,
      "expired": 1738842862850
    },
    "6287817234569@s.whatsapp.net": {
      "status_deposit": false,
      "saldo": 0
    },
    "628979362194@s.whatsapp.net": {
      "status_deposit": false,
      "saldo": 0
    },
    "6285656757226@s.whatsapp.net": {
      "status_deposit": false,
      "saldo": 0
    },
    "62895364907305@s.whatsapp.net": {
      "status_deposit": false,
      "saldo": 0,
      "jid": "62895364907305@s.whatsapp.net",
      "name": "͏͏͏͏͏͏͏͏͏͏͏͏͏͏͏͏͏͏͏͏͏͏͏͏͏",
      "date": "30 Januari 2025",
      "limit": 100,
      "hitcmd": 6,
      "balance": 10000,
      "banned": false,
      "premium": false,
      "expired": 1738843340646
    },
    "6281292795219@s.whatsapp.net": {
      "status_deposit": false,
      "saldo": 0
    },
    "6283856805059@s.whatsapp.net": {
      "status_deposit": false,
      "saldo": 0,
      "jid": "6283856805059@s.whatsapp.net",
      "name": "6283856805059",
      "date": "30 Januari 2025",
      "limit": 48,
      "hitcmd": 11,
      "balance": 10000,
      "banned": false,
      "premium": false,
      "expired": 1738843889245
    },
    "6287767361488@s.whatsapp.net": {
      "status_deposit": false,
      "saldo": 0
    },
    "628895973632@s.whatsapp.net": {
      "status_deposit": false,
      "saldo": 0
    },
    "6285601940730@s.whatsapp.net": {
      "status_deposit": false,
      "saldo": 0
    },
    "6289699013372@s.whatsapp.net": {
      "status_deposit": false,
      "saldo": 0,
      "jid": "6289699013372@s.whatsapp.net",
      "name": "./IFL",
      "date": "1 Februari 2025",
      "limit": 49,
      "hitcmd": 3,
      "balance": 10000,
      "banned": false,
      "premium": false,
      "expired": 1739028490887
    },
    "6282187314297@s.whatsapp.net": {
      "status_deposit": false,
      "saldo": 0
    },
    "6281412504778@s.whatsapp.net": {
      "status_deposit": false,
      "saldo": 0
    },
    "6285157125517@s.whatsapp.net": {
      "status_deposit": false,
      "saldo": 0
    },
    "6289525143145@s.whatsapp.net": {
      "status_deposit": false,
      "saldo": 0
    },
    "6281543464113@s.whatsapp.net": {
      "status_deposit": false,
      "saldo": 0
    },
    "6287836917297@s.whatsapp.net": {
      "status_deposit": false,
      "saldo": 0
    },
    "628568625951@s.whatsapp.net": {
      "status_deposit": false,
      "saldo": 0
    },
    "6283867424474@s.whatsapp.net": {
      "status_deposit": false,
      "saldo": 0
    },
    "6285715472223@s.whatsapp.net": {
      "status_deposit": false,
      "saldo": 0
    },
    "6287810191932@s.whatsapp.net": {
      "status_deposit": false,
      "saldo": 0
    },
    "6282240323604@s.whatsapp.net": {
      "status_deposit": false,
      "saldo": 0
    },
    "6281217570314@s.whatsapp.net": {
      "status_deposit": false,
      "saldo": 0
    },
    "62895621131343@s.whatsapp.net": {
      "status_deposit": false,
      "saldo": 0
    },
    "6287795104760@s.whatsapp.net": {
      "status_deposit": false,
      "saldo": 0
    },
    "6287722635503@s.whatsapp.net": {
      "status_deposit": false,
      "saldo": 0
    },
    "6283114092875@s.whatsapp.net": {
      "status_deposit": false,
      "saldo": 0
    },
    "6285755964716@s.whatsapp.net": {
      "status_deposit": false,
      "saldo": 0
    },
    "62895351691993@s.whatsapp.net": {
      "status_deposit": false,
      "saldo": 0
    },
    "60103373391@s.whatsapp.net": {
      "status_deposit": false,
      "saldo": 0
    },
    "6285708782024@s.whatsapp.net": {
      "status_deposit": false,
      "saldo": 0
    },
    "6287864067546@s.whatsapp.net": {
      "status_deposit": false,
      "saldo": 0
    },
    "62895329510079@s.whatsapp.net": {
      "status_deposit": false,
      "saldo": 0
    },
    "6285856518651@s.whatsapp.net": {
      "status_deposit": false,
      "saldo": 0
    },
    "62895331168428@s.whatsapp.net": {
      "status_deposit": false,
      "saldo": 0
    },
    "6283111510863@s.whatsapp.net": {
      "status_deposit": false,
      "saldo": 0
    },
    "62895411211072@s.whatsapp.net": {
      "status_deposit": false,
      "saldo": 0
    },
    "6288298174271@s.whatsapp.net": {
      "status_deposit": false,
      "saldo": 0
    },
    "62881022633816@s.whatsapp.net": {
      "status_deposit": false,
      "saldo": 0
    },
    "6285776350726@s.whatsapp.net": {
      "status_deposit": false,
      "saldo": 0
    },
    "6283184490428@s.whatsapp.net": {
      "status_deposit": false,
      "saldo": 0
    },
    "6285810784186@s.whatsapp.net": {
      "status_deposit": false,
      "saldo": 0
    },
    "6283175540640@s.whatsapp.net": {
      "status_deposit": false,
      "saldo": 0
    },
    "6287756422168@s.whatsapp.net": {
      "status_deposit": false,
      "saldo": 0
    },
    "6287856966109@s.whatsapp.net": {
      "status_deposit": false,
      "saldo": 0
    },
    "6282148032171@s.whatsapp.net": {
      "status_deposit": false,
      "saldo": 0
    },
    "6287873588614@s.whatsapp.net": {
      "status_deposit": false,
      "saldo": 0
    },
    "6289530567308@s.whatsapp.net": {
      "status_deposit": false,
      "saldo": 0
    },
    "6285964388901@s.whatsapp.net": {
      "status_deposit": false,
      "saldo": 0
    },
    "6282144942681@s.whatsapp.net": {
      "status_deposit": false,
      "saldo": 0
    },
    "6282256236602@s.whatsapp.net": {
      "status_deposit": false,
      "saldo": 0
    },
    "120363232967993818@newsletter": {
      "status_deposit": false,
      "saldo": 0,
      "jid": "120363232967993818@newsletter",
      "name": "120363232967993818",
      "date": "31 Januari 2025",
      "limit": 100,
      "hitcmd": 0,
      "balance": 10000,
      "banned": false,
      "premium": false,
      "expired": 1738889583497
    },
    "62895327198737@s.whatsapp.net": {
      "status_deposit": false,
      "saldo": 0
    },
    "62895635852166@s.whatsapp.net": {
      "status_deposit": false,
      "saldo": 0
    },
    "6282189938980@s.whatsapp.net": {
      "status_deposit": false,
      "saldo": 0
    },
    "6283837154109@s.whatsapp.net": {
      "status_deposit": false,
      "saldo": 0,
      "jid": "6283837154109@s.whatsapp.net",
      "name": "rd.",
      "date": "31 Januari 2025",
      "limit": 100,
      "hitcmd": 1,
      "balance": 10000,
      "banned": false,
      "premium": false,
      "expired": 1738896812265
    },
    "6282195099894@s.whatsapp.net": {
      "status_deposit": false,
      "saldo": 0
    },
    "62895410933909@s.whatsapp.net": {
      "status_deposit": false,
      "saldo": 0
    },
    "6282154099840@s.whatsapp.net": {
      "status_deposit": false,
      "saldo": 0
    },
    "6283893696945@s.whatsapp.net": {
      "status_deposit": false,
      "saldo": 0
    },
    "62856042832296@s.whatsapp.net": {
      "status_deposit": false,
      "saldo": 0
    },
    "6285857177211@s.whatsapp.net": {
      "status_deposit": false,
      "saldo": 0,
      "jid": "6285857177211@s.whatsapp.net",
      "name": "yaya",
      "date": "2 Februari 2025",
      "limit": 100,
      "hitcmd": 0,
      "balance": 10000,
      "banned": false,
      "premium": false,
      "expired": 1739107101325
    },
    "62895325223776@s.whatsapp.net": {
      "status_deposit": false,
      "saldo": 0
    },
    "6283160891133@s.whatsapp.net": {
      "status_deposit": false,
      "saldo": 0
    },
    "6283163193238@s.whatsapp.net": {
      "status_deposit": false,
      "saldo": 0
    },
    "6285850051737@s.whatsapp.net": {
      "status_deposit": false,
      "saldo": 0
    },
    "60169870654@s.whatsapp.net": {
      "status_deposit": false,
      "saldo": 0
    },
    "6285252145995@s.whatsapp.net": {
      "status_deposit": false,
      "saldo": 0
    },
    "62895391858601@s.whatsapp.net": {
      "status_deposit": false,
      "saldo": 0
    },
    "6285712192529@s.whatsapp.net": {
      "status_deposit": false,
      "saldo": 0
    },
    "6283849079019@s.whatsapp.net": {
      "status_deposit": false,
      "saldo": 0
    },
    "62895601253600@s.whatsapp.net": {
      "status_deposit": false,
      "saldo": 0
    },
    "6281266863283@s.whatsapp.net": {
      "status_deposit": false,
      "saldo": 0
    },
    "6281246604391@s.whatsapp.net": {
      "status_deposit": false,
      "saldo": 0
    },
    "6283169580796@s.whatsapp.net": {
      "status_deposit": false,
      "saldo": 0
    },
    "6285136888796@s.whatsapp.net": {
      "status_deposit": false,
      "saldo": 0
    },
    "6282318178075@s.whatsapp.net": {
      "status_deposit": false,
      "saldo": 0
    },
    "6283181416139@s.whatsapp.net": {
      "status_deposit": false,
      "saldo": 0
    },
    "6283182136692@s.whatsapp.net": {
      "status_deposit": false,
      "saldo": 0,
      "jid": "6283182136692@s.whatsapp.net",
      "name": ".",
      "date": "31 Januari 2025",
      "limit": 100,
      "hitcmd": 0,
      "balance": 10000,
      "banned": false,
      "premium": false,
      "expired": 1738918212197
    },
    "6289670187236@s.whatsapp.net": {
      "status_deposit": false,
      "saldo": 0
    },
    "6281345905736@s.whatsapp.net": {
      "status_deposit": false,
      "saldo": 0
    },
    "628812782714@s.whatsapp.net": {
      "status_deposit": false,
      "saldo": 0
    },
    "6283113264512@s.whatsapp.net": {
      "status_deposit": false,
      "saldo": 0,
      "jid": "6283113264512@s.whatsapp.net",
      "name": "6283113264512",
      "date": "1 Februari 2025",
      "limit": 67,
      "hitcmd": 109,
      "balance": 10000,
      "banned": false,
      "premium": false,
      "expired": 1739026507641
    },
    "6281324060964@s.whatsapp.net": {
      "status_deposit": false,
      "saldo": 0
    },
    "6281549244033@s.whatsapp.net": {
      "status_deposit": false,
      "saldo": 0,
      "jid": "6281549244033@s.whatsapp.net",
      "name": "abel",
      "date": "1 Februari 2025",
      "limit": 100,
      "hitcmd": 0,
      "balance": 10000,
      "banned": false,
      "premium": false,
      "expired": 1739026911747
    },
    "62882007961265@s.whatsapp.net": {
      "status_deposit": false,
      "saldo": 0
    },
    "6282254230497@s.whatsapp.net": {
      "status_deposit": false,
      "saldo": 0
    },
    "628388608705@s.whatsapp.net": {
      "status_deposit": false,
      "saldo": 0,
      "jid": "628388608705@s.whatsapp.net",
      "name": "Ditzz aj",
      "date": "1 Februari 2025",
      "limit": 100,
      "hitcmd": 1,
      "balance": 10000,
      "banned": false,
      "premium": false,
      "expired": 1739027230963
    },
    "6285712646740@s.whatsapp.net": {
      "status_deposit": false,
      "saldo": 0,
      "jid": "6285712646740@s.whatsapp.net",
      "name": "Sibuk",
      "date": "1 Februari 2025",
      "limit": 100,
      "hitcmd": 2,
      "balance": 10000,
      "banned": false,
      "premium": false,
      "expired": 1739027304302
    },
    "6281216687655@s.whatsapp.net": {
      "status_deposit": false,
      "saldo": 0,
      "jid": "6281216687655@s.whatsapp.net",
      "name": "dfshaaa",
      "date": "1 Februari 2025",
      "limit": 100,
      "hitcmd": 0,
      "balance": 10000,
      "banned": false,
      "premium": false,
      "expired": 1739027581392
    },
    "6282187789698@s.whatsapp.net": {
      "status_deposit": false,
      "saldo": 0,
      "jid": "6282187789698@s.whatsapp.net",
      "name": "Graa",
      "date": "2 Februari 2025",
      "limit": 99,
      "hitcmd": 1,
      "balance": 10000,
      "banned": false,
      "premium": false,
      "expired": 1739107385231
    },
    "6287883677429@s.whatsapp.net": {
      "status_deposit": false,
      "saldo": 0,
      "jid": "6287883677429@s.whatsapp.net",
      "name": "<> <>~",
      "date": "1 Februari 2025",
      "limit": 100,
      "hitcmd": 0,
      "balance": 10000,
      "banned": false,
      "premium": false,
      "expired": 1739028162343
    },
    "6285774938268@s.whatsapp.net": {
      "status_deposit": false,
      "saldo": 0
    },
    "628817806988@s.whatsapp.net": {
      "status_deposit": false,
      "saldo": 0,
      "jid": "628817806988@s.whatsapp.net",
      "name": "jjiannn💁🏻‍♀️",
      "date": "1 Februari 2025",
      "limit": 100,
      "hitcmd": 0,
      "balance": 10000,
      "banned": false,
      "premium": false,
      "expired": 1739028195333
    },
    "6282137389652@s.whatsapp.net": {
      "status_deposit": false,
      "saldo": 0,
      "jid": "6282137389652@s.whatsapp.net",
      "name": "ī.am/`尺ﾉ乙ズﾘッꠋꠋꠋꠋꠋꠋꠋꠋꠋꠋꠋꠋꠋꠋꠋꠋꠋꠋꠋꠋꠋꠋꠋꠋꠋ`",
      "date": "1 Februari 2025",
      "limit": 100,
      "hitcmd": 0,
      "balance": 10000,
      "banned": false,
      "premium": false,
      "expired": 1739028365899
    },
    "62858948283599@s.whatsapp.net": {
      "status_deposit": false,
      "saldo": 0,
      "jid": "62858948283599@s.whatsapp.net",
      "name": "Melinda",
      "date": "1 Februari 2025",
      "limit": 100,
      "hitcmd": 0,
      "balance": 10000,
      "banned": false,
      "premium": false,
      "expired": 1739028470582
    },
    "62882003853858@s.whatsapp.net": {
      "status_deposit": false,
      "saldo": 0,
      "jid": "62882003853858@s.whatsapp.net",
      "name": "asy host",
      "date": "1 Februari 2025",
      "limit": 100,
      "hitcmd": 1,
      "balance": 10000,
      "banned": false,
      "premium": false,
      "expired": 1739028647704
    },
    "6285775703896@s.whatsapp.net": {
      "status_deposit": false,
      "saldo": 0,
      "jid": "6285775703896@s.whatsapp.net",
      "name": "Ninja",
      "date": "1 Februari 2025",
      "limit": 100,
      "hitcmd": 0,
      "balance": 10000,
      "banned": false,
      "premium": false,
      "expired": 1739028825527
    },
    "6285946898600@s.whatsapp.net": {
      "status_deposit": false,
      "saldo": 0
    },
    "628157160232@s.whatsapp.net": {
      "status_deposit": false,
      "saldo": 0
    },
    "6283823973631@s.whatsapp.net": {
      "status_deposit": false,
      "saldo": 0
    },
    "62895802285200@s.whatsapp.net": {
      "status_deposit": false,
      "saldo": 0,
      "jid": "62895802285200@s.whatsapp.net",
      "name": "Zaboy",
      "date": "1 Februari 2025",
      "limit": 100,
      "hitcmd": 2,
      "balance": 10000,
      "banned": false,
      "premium": false,
      "expired": 1739029989154
    },
    "6283111388491@s.whatsapp.net": {
      "status_deposit": false,
      "saldo": 0,
      "jid": "6283111388491@s.whatsapp.net",
      "name": "Akano 🐾",
      "date": "2 Februari 2025",
      "limit": 99,
      "hitcmd": 1,
      "balance": 10000,
      "banned": false,
      "premium": false,
      "expired": 1739084347489
    },
    "120363162611448409@g.us": {
      "jid": "120363162611448409@g.us",
      "name": "6283111388491",
      "date": "2 Februari 2025",
      "limit": 100,
      "hitcmd": 0,
      "balance": 10000,
      "banned": false,
      "premium": false,
      "expired": 1739075409964
    },
    "601161929536@s.whatsapp.net": {
      "status_deposit": false,
      "saldo": 0,
      "jid": "601161929536@s.whatsapp.net",
      "name": "ivy",
      "date": "2 Februari 2025",
      "limit": 100,
      "hitcmd": 0,
      "balance": 10000,
      "banned": false,
      "premium": false,
      "expired": 1739075411298
    },
    "31629821394@s.whatsapp.net": {
      "status_deposit": false,
      "saldo": 0,
      "jid": "31629821394@s.whatsapp.net",
      "name": "anjayyy",
      "date": "2 Februari 2025",
      "limit": 92,
      "hitcmd": 8,
      "balance": 10000,
      "banned": false,
      "premium": false,
      "expired": 1739075411983
    },
    "60122694501@s.whatsapp.net": {
      "status_deposit": false,
      "saldo": 0
    },
    "6285189242031@s.whatsapp.net": {
      "status_deposit": false,
      "saldo": 0,
      "jid": "6285189242031@s.whatsapp.net",
      "name": "Liya",
      "date": "2 Februari 2025",
      "limit": 100,
      "hitcmd": 0,
      "balance": 10000,
      "banned": false,
      "premium": false,
      "expired": 1739084343095
    },
    "601155054322@s.whatsapp.net": {
      "status_deposit": false,
      "saldo": 0
    },
    "6282122473392@s.whatsapp.net": {
      "status_deposit": false,
      "saldo": 0
    },
    "6289508082845@s.whatsapp.net": {
      "status_deposit": false,
      "saldo": 0
    },
    "6285364807159@s.whatsapp.net": {
      "status_deposit": false,
      "saldo": 0
    },
    "6289646942000@s.whatsapp.net": {
      "status_deposit": false,
      "saldo": 0
    },
    "6289513631810@s.whatsapp.net": {
      "status_deposit": false,
      "saldo": 0
    },
    "6289674166660@s.whatsapp.net": {
      "status_deposit": false,
      "saldo": 0
    },
    "120363333437287847@g.us": {
      "jid": "120363333437287847@g.us",
      "name": "6289674166660",
      "date": "2 Februari 2025",
      "limit": 100,
      "hitcmd": 0,
      "balance": 10000,
      "banned": false,
      "premium": false,
      "expired": 1739085091440
    },
    "6281295506422@s.whatsapp.net": {
      "status_deposit": false,
      "saldo": 0
    },
    "6281232185890@s.whatsapp.net": {
      "status_deposit": false,
      "saldo": 0,
      "jid": "6281232185890@s.whatsapp.net",
      "name": "naä",
      "date": "2 Februari 2025",
      "limit": 100,
      "hitcmd": 0,
      "balance": 10000,
      "banned": false,
      "premium": false,
      "expired": 1739085322913
    },
    "6288211964379@s.whatsapp.net": {
      "status_deposit": false,
      "saldo": 0,
      "jid": "6288211964379@s.whatsapp.net",
      "name": "Sensei",
      "date": "2 Februari 2025",
      "limit": 100,
      "hitcmd": 0,
      "balance": 10000,
      "banned": false,
      "premium": false,
      "expired": 1739095718250
    },
    "6288809361795@s.whatsapp.net": {
      "status_deposit": false,
      "saldo": 0,
      "jid": "6288809361795@s.whatsapp.net",
      "name": "kαíɾҽղց",
      "date": "2 Februari 2025",
      "limit": 97,
      "hitcmd": 3,
      "balance": 10000,
      "banned": false,
      "premium": false,
      "expired": 1739107213975
    },
    "6285814549625@s.whatsapp.net": {
      "status_deposit": false,
      "saldo": 0
    },
    "6283131287044@s.whatsapp.net": {
      "status_deposit": false,
      "saldo": 0
    },
    "6288216723029@s.whatsapp.net": {
      "status_deposit": false,
      "saldo": 0,
      "jid": "6288216723029@s.whatsapp.net",
      "name": "Gk Tahu",
      "date": "2 Februari 2025",
      "limit": 100,
      "hitcmd": 0,
      "balance": 10000,
      "banned": false,
      "premium": false,
      "expired": 1739096368624
    },
    "6287874114967@s.whatsapp.net": {
      "status_deposit": false,
      "saldo": 0,
      "jid": "6287874114967@s.whatsapp.net",
      "name": "Manz sigma banget 🤫🧏",
      "date": "2 Februari 2025",
      "limit": 100,
      "hitcmd": 0,
      "balance": 10000,
      "banned": false,
      "premium": false,
      "expired": 1739096600125
    },
    "6283152189956@s.whatsapp.net": {
      "status_deposit": false,
      "saldo": 0,
      "jid": "6283152189956@s.whatsapp.net",
      "name": "Putra",
      "date": "2 Februari 2025",
      "limit": 100,
      "hitcmd": 0,
      "balance": 10000,
      "banned": false,
      "premium": false,
      "expired": 1739096668425
    },
    "62895391551260@s.whatsapp.net": {
      "status_deposit": false,
      "saldo": 0
    },
    "6287758160942@s.whatsapp.net": {
      "status_deposit": false,
      "saldo": 0
    },
    "6281218161106@s.whatsapp.net": {
      "status_deposit": false,
      "saldo": 0
    },
    "6285167343466@s.whatsapp.net": {
      "status_deposit": false,
      "saldo": 0
    },
    "628988238420@s.whatsapp.net": {
      "status_deposit": false,
      "saldo": 0
    },
    "6285719404932@s.whatsapp.net": {
      "status_deposit": false,
      "saldo": 0
    },
    "6289673459534@s.whatsapp.net": {
      "status_deposit": false,
      "saldo": 0
    },
    "6285691699587@s.whatsapp.net": {
      "status_deposit": false,
      "saldo": 0
    },
    "6287753714066@s.whatsapp.net": {
      "status_deposit": false,
      "saldo": 0
    },
    "6281217556177@s.whatsapp.net": {
      "status_deposit": false,
      "saldo": 0
    },
    "62882007997026@s.whatsapp.net": {
      "status_deposit": false,
      "saldo": 0
    },
    "6282375874004@s.whatsapp.net": {
      "status_deposit": false,
      "saldo": 0
    },
    "6283141698850@s.whatsapp.net": {
      "status_deposit": false,
      "saldo": 0
    },
    "6289683887676@s.whatsapp.net": {
      "status_deposit": false,
      "saldo": 0
    },
    "6289656277900@s.whatsapp.net": {
      "status_deposit": false,
      "saldo": 0
    },
    "6287778661271@s.whatsapp.net": {
      "status_deposit": false,
      "saldo": 0
    },
    "6282124615494@s.whatsapp.net": {
      "status_deposit": false,
      "saldo": 0
    },
    "6288277377091@s.whatsapp.net": {
      "status_deposit": false,
      "saldo": 0
    },
    "6285182144600@s.whatsapp.net": {
      "status_deposit": false,
      "saldo": 0
    },
    "6281246637930@s.whatsapp.net": {
      "status_deposit": false,
      "saldo": 0
    },
    "6285857124908@s.whatsapp.net": {
      "status_deposit": false,
      "saldo": 0
    },
    "6285141111347@s.whatsapp.net": {
      "status_deposit": false,
      "saldo": 0
    },
    "6287737333188@s.whatsapp.net": {
      "status_deposit": false,
      "saldo": 0
    },
    "6283173431406@s.whatsapp.net": {
      "status_deposit": false,
      "saldo": 0
    },
    "6282229249973@s.whatsapp.net": {
      "status_deposit": false,
      "saldo": 0
    },
    "6285712644151@s.whatsapp.net": {
      "status_deposit": false,
      "saldo": 0
    },
    "6282211044905@s.whatsapp.net": {
      "status_deposit": false,
      "saldo": 0
    },
    "6285783391630@s.whatsapp.net": {
      "status_deposit": false,
      "saldo": 0
    },
    "6283178750629@s.whatsapp.net": {
      "status_deposit": false,
      "saldo": 0
    },
    "6281237275005@s.whatsapp.net": {
      "status_deposit": false,
      "saldo": 0
    },
    "6289519989594@s.whatsapp.net": {
      "status_deposit": false,
      "saldo": 0
    },
    "6285658321886@s.whatsapp.net": {
      "status_deposit": false,
      "saldo": 0
    },
    "6283832074141@s.whatsapp.net": {
      "status_deposit": false,
      "saldo": 0
    },
    "6281946471468@s.whatsapp.net": {
      "status_deposit": false,
      "saldo": 0
    },
    "6285779459030@s.whatsapp.net": {
      "status_deposit": false,
      "saldo": 0
    },
    "6281391475078@s.whatsapp.net": {
      "status_deposit": false,
      "saldo": 0
    },
    "6285717600240@s.whatsapp.net": {
      "status_deposit": false,
      "saldo": 0
    },
    "6285711702946@s.whatsapp.net": {
      "status_deposit": false,
      "saldo": 0
    },
    "6289520836891@s.whatsapp.net": {
      "status_deposit": false,
      "saldo": 0
    },
    "6288221061315@s.whatsapp.net": {
      "status_deposit": false,
      "saldo": 0
    },
    "6287847542831@s.whatsapp.net": {
      "status_deposit": false,
      "saldo": 0
    },
    "62882010239459@s.whatsapp.net": {
      "status_deposit": false,
      "saldo": 0
    },
    "6281398961382@s.whatsapp.net": {
      "status_deposit": false,
      "saldo": 0
    },
    "6281213671271@s.whatsapp.net": {
      "status_deposit": false,
      "saldo": 0
    },
    "6281991891497@s.whatsapp.net": {
      "status_deposit": false,
      "saldo": 0
    },
    "6282295720185@s.whatsapp.net": {
      "status_deposit": false,
      "saldo": 0
    },
    "6282387276357@s.whatsapp.net": {
      "status_deposit": false,
      "saldo": 0
    },
    "6281237822980@s.whatsapp.net": {
      "status_deposit": false,
      "saldo": 0
    },
    "6289529520145@s.whatsapp.net": {
      "status_deposit": false,
      "saldo": 0
    },
    "6289602224060@s.whatsapp.net": {
      "status_deposit": false,
      "saldo": 0
    },
    "6285649647191@s.whatsapp.net": {
      "status_deposit": false,
      "saldo": 0
    },
    "6287745264589@s.whatsapp.net": {
      "status_deposit": false,
      "saldo": 0
    },
    "6289510019976@s.whatsapp.net": {
      "status_deposit": false,
      "saldo": 0
    },
    "6289604173912@s.whatsapp.net": {
      "status_deposit": false,
      "saldo": 0
    },
    "6285775198242@s.whatsapp.net": {
      "status_deposit": false,
      "saldo": 0
    },
    "6285147900538@s.whatsapp.net": {
      "status_deposit": false,
      "saldo": 0
    },
    "628818214581@s.whatsapp.net": {
      "status_deposit": false,
      "saldo": 0
    },
    "6282132985424@s.whatsapp.net": {
      "status_deposit": false,
      "saldo": 0
    },
    "6282111040560@s.whatsapp.net": {
      "status_deposit": false,
      "saldo": 0
    },
    "6282194548247@s.whatsapp.net": {
      "status_deposit": false,
      "saldo": 0
    },
    "628814541988@s.whatsapp.net": {
      "status_deposit": false,
      "saldo": 0
    },
    "6281246660066@s.whatsapp.net": {
      "status_deposit": false,
      "saldo": 0
    },
    "62895429145200@s.whatsapp.net": {
      "status_deposit": false,
      "saldo": 0
    },
    "6285707245363@s.whatsapp.net": {
      "status_deposit": false,
      "saldo": 0
    },
    "6289512362326@s.whatsapp.net": {
      "status_deposit": false,
      "saldo": 0
    },
    "6285723542568@s.whatsapp.net": {
      "status_deposit": false,
      "saldo": 0
    },
    "6289531307699@s.whatsapp.net": {
      "status_deposit": false,
      "saldo": 0
    },
    "6281412450740@s.whatsapp.net": {
      "status_deposit": false,
      "saldo": 0
    },
    "6287740950686@s.whatsapp.net": {
      "status_deposit": false,
      "saldo": 0
    },
    "6289514001786@s.whatsapp.net": {
      "status_deposit": false,
      "saldo": 0
    },
    "6283836777250@s.whatsapp.net": {
      "status_deposit": false,
      "saldo": 0
    },
    "6281221093899@s.whatsapp.net": {
      "status_deposit": false,
      "saldo": 0
    },
    "6288972885096@s.whatsapp.net": {
      "status_deposit": false,
      "saldo": 0
    },
    "6287778715306@s.whatsapp.net": {
      "status_deposit": false,
      "saldo": 0
    },
    "6283867216602@s.whatsapp.net": {
      "status_deposit": false,
      "saldo": 0
    },
    "6282341461863@s.whatsapp.net": {
      "status_deposit": false,
      "saldo": 0
    },
    "6281364938691@s.whatsapp.net": {
      "status_deposit": false,
      "saldo": 0
    },
    "6289516845509@s.whatsapp.net": {
      "status_deposit": false,
      "saldo": 0
    },
    "6282135819387@s.whatsapp.net": {
      "status_deposit": false,
      "saldo": 0
    },
    "6281717253647@s.whatsapp.net": {
      "status_deposit": false,
      "saldo": 0
    },
    "6285183269095@s.whatsapp.net": {
      "status_deposit": false,
      "saldo": 0
    },
    "6283893621725@s.whatsapp.net": {
      "status_deposit": false,
      "saldo": 0
    },
    "6285641150499@s.whatsapp.net": {
      "status_deposit": false,
      "saldo": 0
    },
    "6287872787346@s.whatsapp.net": {
      "status_deposit": false,
      "saldo": 0
    },
    "6285280387027@s.whatsapp.net": {
      "status_deposit": false,
      "saldo": 0
    },
    "6281536332460@s.whatsapp.net": {
      "status_deposit": false,
      "saldo": 0
    },
    "62895417127207@s.whatsapp.net": {
      "status_deposit": false,
      "saldo": 0
    },
    "6285762358946@s.whatsapp.net": {
      "status_deposit": false,
      "saldo": 0
    },
    "6283829790813@s.whatsapp.net": {
      "status_deposit": false,
      "saldo": 0
    },
    "6285697108021@s.whatsapp.net": {
      "status_deposit": false,
      "saldo": 0
    },
    "6285748220393@s.whatsapp.net": {
      "status_deposit": false,
      "saldo": 0
    },
    "6285236077645@s.whatsapp.net": {
      "status_deposit": false,
      "saldo": 0
    },
    "62882008880862@s.whatsapp.net": {
      "status_deposit": false,
      "saldo": 0
    },
    "6281374110905@s.whatsapp.net": {
      "status_deposit": false,
      "saldo": 0
    },
    "6285797213711@s.whatsapp.net": {
      "status_deposit": false,
      "saldo": 0
    },
    "6281265941277@s.whatsapp.net": {
      "status_deposit": false,
      "saldo": 0
    },
    "6285394027067@s.whatsapp.net": {
      "status_deposit": false,
      "saldo": 0
    },
    "6285835530473@s.whatsapp.net": {
      "status_deposit": false,
      "saldo": 0
    },
    "6285649581433@s.whatsapp.net": {
      "status_deposit": false,
      "saldo": 0
    },
    "6283188310620@s.whatsapp.net": {
      "status_deposit": false,
      "saldo": 0
    },
    "62895400608300@s.whatsapp.net": {
      "status_deposit": false,
      "saldo": 0
    },
    "6285952698123@s.whatsapp.net": {
      "status_deposit": false,
      "saldo": 0
    },
    "62882003888311@s.whatsapp.net": {
      "status_deposit": false,
      "saldo": 0
    },
    "6282315893432@s.whatsapp.net": {
      "status_deposit": false,
      "saldo": 0
    },
    "6287812269100@s.whatsapp.net": {
      "status_deposit": false,
      "saldo": 0
    },
    "6285890478346@s.whatsapp.net": {
      "status_deposit": false,
      "saldo": 0
    },
    "6283834525668@s.whatsapp.net": {
      "status_deposit": false,
      "saldo": 0
    },
    "6282193733909@s.whatsapp.net": {
      "status_deposit": false,
      "saldo": 0
    },
    "6285758509873@s.whatsapp.net": {
      "status_deposit": false,
      "saldo": 0
    },
    "6281547500178@s.whatsapp.net": {
      "status_deposit": false,
      "saldo": 0
    },
    "6285754271650@s.whatsapp.net": {
      "status_deposit": false,
      "saldo": 0
    },
    "6285757181042@s.whatsapp.net": {
      "status_deposit": false,
      "saldo": 0
    },
    "6289665262300@s.whatsapp.net": {
      "status_deposit": false,
      "saldo": 0
    },
    "6288218339682@s.whatsapp.net": {
      "status_deposit": false,
      "saldo": 0
    },
    "6287856715369@s.whatsapp.net": {
      "status_deposit": false,
      "saldo": 0
    },
    "6285649563440@s.whatsapp.net": {
      "status_deposit": false,
      "saldo": 0
    },
    "6282150931916@s.whatsapp.net": {
      "status_deposit": false,
      "saldo": 0
    },
    "6289523864779@s.whatsapp.net": {
      "status_deposit": false,
      "saldo": 0
    },
    "6287796198378@s.whatsapp.net": {
      "status_deposit": false,
      "saldo": 0
    },
    "6285852537705@s.whatsapp.net": {
      "status_deposit": false,
      "saldo": 0
    },
    "6285755605386@s.whatsapp.net": {
      "status_deposit": false,
      "saldo": 0
    },
    "6287782713045@s.whatsapp.net": {
      "status_deposit": false,
      "saldo": 0
    },
    "6281314560692@s.whatsapp.net": {
      "status_deposit": false,
      "saldo": 0
    },
    "6285600195859@s.whatsapp.net": {
      "status_deposit": false,
      "saldo": 0
    },
    "6285697337402@s.whatsapp.net": {
      "status_deposit": false,
      "saldo": 0
    },
    "6285924281946@s.whatsapp.net": {
      "status_deposit": false,
      "saldo": 0
    },
    "6283156463179@s.whatsapp.net": {
      "status_deposit": false,
      "saldo": 0
    },
    "6281224253318@s.whatsapp.net": {
      "status_deposit": false,
      "saldo": 0
    },
    "6289519596707@s.whatsapp.net": {
      "status_deposit": false,
      "saldo": 0
    },
    "6285692516075@s.whatsapp.net": {
      "status_deposit": false,
      "saldo": 0
    },
    "6282313736938@s.whatsapp.net": {
      "status_deposit": false,
      "saldo": 0
    },
    "6289506285421@s.whatsapp.net": {
      "status_deposit": false,
      "saldo": 0
    },
    "6283105582528@s.whatsapp.net": {
      "status_deposit": false,
      "saldo": 0
    },
    "6285770523425@s.whatsapp.net": {
      "status_deposit": false,
      "saldo": 0
    },
    "6281244382602@s.whatsapp.net": {
      "status_deposit": false,
      "saldo": 0
    },
    "6283185578406@s.whatsapp.net": {
      "status_deposit": false,
      "saldo": 0
    },
    "6282194364526@s.whatsapp.net": {
      "status_deposit": false,
      "saldo": 0
    },
    "19399993104@s.whatsapp.net": {
      "status_deposit": false,
      "saldo": 0
    },
    "6281345443296@s.whatsapp.net": {
      "status_deposit": false,
      "saldo": 0
    },
    "6283153640270@s.whatsapp.net": {
      "status_deposit": false,
      "saldo": 0,
      "jid": "6283153640270@s.whatsapp.net",
      "name": "zies",
      "date": "2 Februari 2025",
      "limit": 43,
      "hitcmd": 7,
      "balance": 10000,
      "banned": false,
      "premium": false,
      "expired": 1739099639887
    },
    "6285814003745@s.whatsapp.net": {
      "status_deposit": false,
      "saldo": 0
    },
    "6283817075730@s.whatsapp.net": {
      "status_deposit": false,
      "saldo": 0
    },
    "6282338783959@s.whatsapp.net": {
      "status_deposit": false,
      "saldo": 0
    },
    "6285708386367@s.whatsapp.net": {
      "status_deposit": false,
      "saldo": 0
    },
    "6285861745231@s.whatsapp.net": {
      "status_deposit": false,
      "saldo": 0
    },
    "62895385197474@s.whatsapp.net": {
      "status_deposit": false,
      "saldo": 0
    },
    "6285291941316@s.whatsapp.net": {
      "status_deposit": false,
      "saldo": 0
    },
    "6288801836709@s.whatsapp.net": {
      "status_deposit": false,
      "saldo": 0
    },
    "6283890274664@s.whatsapp.net": {
      "status_deposit": false,
      "saldo": 0
    },
    "6288277342379@s.whatsapp.net": {
      "status_deposit": false,
      "saldo": 0
    },
    "6285754542881@s.whatsapp.net": {
      "status_deposit": false,
      "saldo": 0,
      "jid": "6285754542881@s.whatsapp.net",
      "name": "Jiee",
      "date": "2 Februari 2025",
      "limit": 100,
      "hitcmd": 0,
      "balance": 10000,
      "banned": false,
      "premium": false,
      "expired": 1739102686501
    },
    "6281292987005@s.whatsapp.net": {
      "status_deposit": false,
      "saldo": 0,
      "jid": "6281292987005@s.whatsapp.net",
      "name": "Rin🌹",
      "date": "2 Februari 2025",
      "limit": 100,
      "hitcmd": 0,
      "balance": 10000,
      "banned": false,
      "premium": false,
      "expired": 1739106960104
    },
    "6285939377021@s.whatsapp.net": {
      "status_deposit": false,
      "saldo": 0,
      "jid": "6285939377021@s.whatsapp.net",
      "name": "gntng🤞🏽",
      "date": "2 Februari 2025",
      "limit": 100,
      "hitcmd": 0,
      "balance": 10000,
      "banned": false,
      "premium": false,
      "expired": 1739106975764
    },
    "6285182949404@s.whatsapp.net": {
      "status_deposit": false,
      "saldo": 0,
      "jid": "6285182949404@s.whatsapp.net",
      "name": "~🎀",
      "date": "2 Februari 2025",
      "limit": 99,
      "hitcmd": 1,
      "balance": 10000,
      "banned": false,
      "premium": false,
      "expired": 1739106984546
    },
    "120363022485693612@g.us": {
      "jid": "120363022485693612@g.us",
      "name": "6285182949404",
      "date": "2 Februari 2025",
      "limit": 100,
      "hitcmd": 0,
      "balance": 10000,
      "banned": false,
      "premium": false,
      "expired": 1739106985150
    },
    "6282328146830@s.whatsapp.net": {
      "status_deposit": false,
      "saldo": 0
    },
    "6289665488828@s.whatsapp.net": {
      "status_deposit": false,
      "saldo": 0,
      "hitcmd": null,
      "limit": 99,
      "afkTime": 1738502361375,
      "afkReason": "",
      "jid": "6289665488828@s.whatsapp.net",
      "name": "Adik Kecil",
      "date": "2 Februari 2025",
      "balance": 10000,
      "banned": false,
      "premium": false,
      "expired": 1739107161357
    },
    "62882009574000@s.whatsapp.net": {
      "status_deposit": false,
      "saldo": 0,
      "jid": "62882009574000@s.whatsapp.net",
      "name": "chaa?",
      "date": "2 Februari 2025",
      "limit": 99,
      "hitcmd": 1,
      "balance": 10000,
      "banned": false,
      "premium": false,
      "expired": 1739107051977
    },
    "6282338864479@s.whatsapp.net": {
      "status_deposit": false,
      "saldo": 0,
      "jid": "6282338864479@s.whatsapp.net",
      "name": ".",
      "date": "2 Februari 2025",
      "limit": 99,
      "hitcmd": 1,
      "balance": 10000,
      "banned": false,
      "premium": false,
      "expired": 1739107059384,
      "afkTime": 1738502259411,
      "afkReason": "mau makan"
    },
    "601115040824@s.whatsapp.net": {
      "status_deposit": false,
      "saldo": 0,
      "jid": "601115040824@s.whatsapp.net",
      "name": "vusak",
      "date": "2 Februari 2025",
      "limit": 99,
      "hitcmd": 1,
      "balance": 10000,
      "banned": false,
      "premium": false,
      "expired": 1739107065710
    },
    "601112567221@s.whatsapp.net": {
      "status_deposit": false,
      "saldo": 0
    },
    "6285693616607@s.whatsapp.net": {
      "status_deposit": false,
      "saldo": 0,
      "jid": "6285693616607@s.whatsapp.net",
      "name": "APIPI(アピピ)",
      "date": "2 Februari 2025",
      "limit": 98,
      "hitcmd": 2,
      "balance": 10000,
      "banned": false,
      "premium": false,
      "expired": 1739107092208
    },
    "6283896757956@s.whatsapp.net": {
      "status_deposit": false,
      "saldo": 0,
      "jid": "6283896757956@s.whatsapp.net",
      "name": "Vynaa AI 10.21",
      "date": "2 Februari 2025",
      "limit": 100,
      "hitcmd": 0,
      "balance": 10000,
      "banned": false,
      "premium": false,
      "expired": 1739107099026
    },
    "6289525249320@s.whatsapp.net": {
      "status_deposit": false,
      "saldo": 0,
      "jid": "6289525249320@s.whatsapp.net",
      "name": "kaylaa bot khusus grup!",
      "date": "2 Februari 2025",
      "limit": 100,
      "hitcmd": 0,
      "balance": 10000,
      "banned": false,
      "premium": false,
      "expired": 1739107100737
    },
    "62895323995520@s.whatsapp.net": {
      "status_deposit": false,
      "saldo": 0,
      "jid": "62895323995520@s.whatsapp.net",
      "name": "Marselino",
      "date": "2 Februari 2025",
      "limit": 100,
      "hitcmd": 0,
      "balance": 10000,
      "banned": false,
      "premium": false,
      "expired": 1739107108357
    },
    "6285363378592@s.whatsapp.net": {
      "status_deposit": false,
      "saldo": 0,
      "jid": "6285363378592@s.whatsapp.net",
      "name": "Luthfi Bosku",
      "date": "2 Februari 2025",
      "limit": 99,
      "hitcmd": 1,
      "balance": 10000,
      "banned": false,
      "premium": false,
      "expired": 1739107138631,
      "afkTime": 1738502338650,
      "afkReason": "besoknya senin sekolah cuy 🗿"
    },
    "60108838482@s.whatsapp.net": {
      "status_deposit": false,
      "saldo": 0,
      "jid": "60108838482@s.whatsapp.net",
      "name": "Kamille",
      "date": "2 Februari 2025",
      "limit": 99,
      "hitcmd": 1,
      "balance": 10000,
      "banned": false,
      "premium": false,
      "expired": 1739107181834
    },
    "60168189226@s.whatsapp.net": {
      "status_deposit": false,
      "saldo": 0,
      "jid": "60168189226@s.whatsapp.net",
      "name": "airell👾",
      "date": "2 Februari 2025",
      "limit": 89,
      "hitcmd": 1,
      "balance": 10000,
      "banned": false,
      "premium": false,
      "expired": 1739107235863
    },
    "120363204762268523@newsletter": {
      "status_deposit": false,
      "saldo": 0,
      "jid": "120363204762268523@newsletter",
      "name": "120363204762268523",
      "date": "2 Februari 2025",
      "limit": 100,
      "hitcmd": 0,
      "balance": 10000,
      "banned": false,
      "premium": false,
      "expired": 1739107321818
    },
    "6283842529899@s.whatsapp.net": {
      "status_deposit": false,
      "saldo": 0,
      "jid": "6283842529899@s.whatsapp.net",
      "name": "@~ara🫦",
      "date": "2 Februari 2025",
      "limit": 100,
      "hitcmd": 0,
      "balance": 10000,
      "banned": false,
      "premium": false,
      "expired": 1739107332754
    },
    "120363186130999681@newsletter": {
      "status_deposit": false,
      "saldo": 0,
      "jid": "120363186130999681@newsletter",
      "name": "120363186130999681",
      "date": "2 Februari 2025",
      "limit": 100,
      "hitcmd": 0,
      "balance": 10000,
      "banned": false,
      "premium": false,
      "expired": 1739107451016
    },
    "6285174156068@s.whatsapp.net": {
      "status_deposit": false,
      "saldo": 0,
      "jid": "6285174156068@s.whatsapp.net",
      "name": "CukupBhara",
      "date": "2 Februari 2025",
      "limit": 99,
      "hitcmd": 1,
      "balance": 10000,
      "banned": false,
      "premium": false,
      "expired": 1739107720679
    },
    "628983667463@s.whatsapp.net": {
      "status_deposit": false,
      "saldo": 0,
      "jid": "628983667463@s.whatsapp.net",
      "name": "kentut 5menit",
      "date": "2 Februari 2025",
      "limit": 100,
      "hitcmd": 0,
      "balance": 10000,
      "banned": false,
      "premium": false,
      "expired": 1739107743082
    },
    "6285736486023@s.whatsapp.net": {
      "status_deposit": false,
      "saldo": 0,
      "hitcmd": null,
      "limit": null
    },
    "120363206008476602@g.us": {
      "jid": "120363206008476602@g.us",
      "name": "6285736486023",
      "date": "2 Februari 2025",
      "limit": 100,
      "hitcmd": 0,
      "balance": 10000,
      "banned": false,
      "premium": false,
      "expired": 1739107792132
    },
    "6283895331112@s.whatsapp.net": {
      "status_deposit": false,
      "saldo": 0,
      "jid": "6283895331112@s.whatsapp.net",
      "name": "Need Vps Chat Mee",
      "date": "2 Februari 2025",
      "limit": 100,
      "hitcmd": 0,
      "balance": 10000,
      "banned": false,
      "premium": false,
      "expired": 1739107881049
    },
    "628811886436@s.whatsapp.net": {
      "status_deposit": false,
      "saldo": 0,
      "jid": "628811886436@s.whatsapp.net",
      "name": "✮sᥲᑲrіᥒᥲᥲ",
      "date": "2 Februari 2025",
      "limit": 100,
      "hitcmd": 0,
      "balance": 10000,
      "banned": false,
      "premium": false,
      "expired": 1739107890078
    },
    "6283153622770@s.whatsapp.net": {
      "status_deposit": false,
      "saldo": 0,
      "hitcmd": null,
      "limit": 99,
      "jid": "6283153622770@s.whatsapp.net",
      "name": "rul ya",
      "date": "2 Februari 2025",
      "balance": 10000,
      "banned": false,
      "premium": false,
      "expired": 1739107963458
    },
    "6287745262652@s.whatsapp.net": {
      "status_deposit": false,
      "saldo": 0,
      "jid": "6287745262652@s.whatsapp.net",
      "name": "エルラズ",
      "date": "2 Februari 2025",
      "limit": 100,
      "hitcmd": 0,
      "balance": 10000,
      "banned": false,
      "premium": false,
      "expired": 1739107939381
    },
    "120363334581892653@newsletter": {
      "status_deposit": false,
      "saldo": 0,
      "jid": "120363334581892653@newsletter",
      "name": "120363334581892653",
      "date": "2 Februari 2025",
      "limit": 100,
      "hitcmd": 0,
      "balance": 10000,
      "banned": false,
      "premium": false,
      "expired": 1739108010088
    },
    "6281539845698@s.whatsapp.net": {
      "status_deposit": false,
      "saldo": 0,
      "jid": "6281539845698@s.whatsapp.net",
      "name": "Zy",
      "date": "2 Februari 2025",
      "limit": 100,
      "hitcmd": 0,
      "balance": 10000,
      "banned": false,
      "premium": false,
      "expired": 1739107996282
    },
    "6285717615790@s.whatsapp.net": {
      "status_deposit": false,
      "saldo": 0,
      "jid": "6285717615790@s.whatsapp.net",
      "name": "awaa.",
      "date": "2 Februari 2025",
      "limit": 100,
      "hitcmd": 0,
      "balance": 10000,
      "banned": false,
      "premium": false,
      "expired": 1739108031216
    },
    "6287841870837@s.whatsapp.net": {
      "status_deposit": false,
      "saldo": 0,
      "jid": "6287841870837@s.whatsapp.net",
      "name": "?",
      "date": "2 Februari 2025",
      "limit": 89,
      "hitcmd": 1,
      "balance": 10000,
      "banned": false,
      "premium": false,
      "expired": 1739108054320
    },
    "120363311171846768@newsletter": {
      "status_deposit": false,
      "saldo": 0,
      "jid": "120363311171846768@newsletter",
      "name": "120363311171846768",
      "date": "2 Februari 2025",
      "limit": 100,
      "hitcmd": 0,
      "balance": 10000,
      "banned": false,
      "premium": false,
      "expired": 1739108173998
    },
    "6288704735105@s.whatsapp.net": {
      "status_deposit": false,
      "saldo": 0,
      "jid": "6288704735105@s.whatsapp.net",
      "name": "King",
      "date": "2 Februari 2025",
      "limit": 99,
      "hitcmd": 1,
      "balance": 10000,
      "banned": false,
      "premium": false,
      "expired": 1739108229850
    },
    "6282219096737@s.whatsapp.net": {
      "status_deposit": false,
      "saldo": 0,
      "jid": "6282219096737@s.whatsapp.net",
      "name": "Bima FaruqH.",
      "date": "2 Februari 2025",
      "limit": 100,
      "hitcmd": 0,
      "balance": 10000,
      "banned": false,
      "premium": false,
      "expired": 1739108242359
    },
    "6281246715421@s.whatsapp.net": {
      "status_deposit": false,
      "saldo": 0,
      "jid": "6281246715421@s.whatsapp.net",
      "name": "猫が大好きです 😺",
      "date": "2 Februari 2025",
      "limit": 99,
      "hitcmd": 1,
      "balance": 10000,
      "banned": false,
      "premium": false,
      "expired": 1739108263363
    },
    "628817855748@s.whatsapp.net": {
      "status_deposit": false,
      "saldo": 0
    },
    "6287744068124@s.whatsapp.net": {
      "status_deposit": false,
      "saldo": 0,
      "jid": "6287744068124@s.whatsapp.net",
      "name": "ilhamm",
      "date": "2 Februari 2025",
      "limit": 99,
      "hitcmd": 1,
      "balance": 10000,
      "banned": false,
      "premium": false,
      "expired": 1739117743142
    },
    "6283893186080@s.whatsapp.net": {
      "status_deposit": false,
      "saldo": 0,
      "jid": "6283893186080@s.whatsapp.net",
      "name": "Nta Aje",
      "date": "2 Februari 2025",
      "limit": 100,
      "hitcmd": 0,
      "balance": 10000,
      "banned": false,
      "premium": false,
      "expired": 1739117751657
    },
    "6282138142862@s.whatsapp.net": {
      "status_deposit": false,
      "saldo": 0,
      "jid": "6282138142862@s.whatsapp.net",
      "name": "idk",
      "date": "2 Februari 2025",
      "limit": 100,
      "hitcmd": 0,
      "balance": 10000,
      "banned": false,
      "premium": false,
      "expired": 1739117751917
    },
    "6283875157470@s.whatsapp.net": {
      "status_deposit": false,
      "saldo": 0,
      "jid": "6283875157470@s.whatsapp.net",
      "name": "Panggil Aja Ren",
      "date": "2 Februari 2025",
      "limit": 100,
      "hitcmd": 0,
      "balance": 10000,
      "banned": false,
      "premium": false,
      "expired": 1739120462557
    },
    "6282154007598@s.whatsapp.net": {
      "status_deposit": false,
      "saldo": 0,
      "jid": "6282154007598@s.whatsapp.net",
      "name": "( A)",
      "date": "2 Februari 2025",
      "limit": 100,
      "hitcmd": 0,
      "balance": 10000,
      "banned": false,
      "premium": false,
      "expired": 1739120474572
    },
    "601129257600@s.whatsapp.net": {
      "status_deposit": false,
      "saldo": 0,
      "jid": "601129257600@s.whatsapp.net",
      "name": "even",
      "date": "2 Februari 2025",
      "limit": 89,
      "hitcmd": 1,
      "balance": 10000,
      "banned": false,
      "premium": false,
      "expired": 1739120477969
    },
    "6283867059401@s.whatsapp.net": {
      "status_deposit": false,
      "saldo": 0,
      "jid": "6283867059401@s.whatsapp.net",
      "name": "Admin Mengeluarkan Anda",
      "date": "2 Februari 2025",
      "limit": 100,
      "hitcmd": 0,
      "balance": 10000,
      "banned": false,
      "premium": false,
      "expired": 1739120503773
    },
    "6289603047530@s.whatsapp.net": {
      "status_deposit": false,
      "saldo": 0,
      "jid": "6289603047530@s.whatsapp.net",
      "name": "Developer FánnSenpaii",
      "date": "2 Februari 2025",
      "limit": 100,
      "hitcmd": 0,
      "balance": 10000,
      "banned": false,
      "premium": false,
      "expired": 1739120518990
    },
    "6287877393543@s.whatsapp.net": {
      "status_deposit": false,
      "saldo": 0,
      "jid": "6287877393543@s.whatsapp.net",
      "name": "hanum m nya mewing",
      "date": "2 Februari 2025",
      "limit": 100,
      "hitcmd": 0,
      "balance": 10000,
      "banned": false,
      "premium": false,
      "expired": 1739120539003
    },
    "6281261796189@s.whatsapp.net": {
      "status_deposit": false,
      "saldo": 0
    },
    "6288973212275@s.whatsapp.net": {
      "status_deposit": false,
      "saldo": 0,
      "jid": "6288973212275@s.whatsapp.net",
      "name": "AHMAD",
      "date": "3 Februari 2025",
      "limit": 100,
      "hitcmd": 0,
      "balance": 10000,
      "banned": false,
      "premium": false,
      "expired": 1739175556293
    },
    "6283840906614@s.whatsapp.net": {
      "status_deposit": false,
      "saldo": 0
    },
    "6285784859792@s.whatsapp.net": {
      "status_deposit": false,
      "saldo": 0,
      "jid": "6285784859792@s.whatsapp.net",
      "name": "raa",
      "date": "3 Februari 2025",
      "limit": 100,
      "hitcmd": 0,
      "balance": 10000,
      "banned": false,
      "premium": false,
      "expired": 1739176238785
    }
  },
  "groups": {
    "120363179230732743@g.us": {
      "antilink": false,
      "antilink2": false,
      "welcome": false,
      "mute": true,
      "simi": false,
      "antilinkch": false,
      "antisticker": false,
      "blacklistjpm": false
    },
    "120363023427805441@g.us": {
      "antilink": false,
      "antilink2": false,
      "welcome": false,
      "mute": false,
      "simi": false,
      "antilinkch": false,
      "antisticker": false,
      "blacklistjpm": false
    },
    "120363191188396477@g.us": {
      "antilink": false,
      "antilink2": false,
      "welcome": false,
      "mute": false,
      "simi": false,
      "antilinkch": false,
      "antisticker": false,
      "blacklistjpm": false
    },
    "120363352780048314@g.us": {
      "antilink": false,
      "antilink2": false,
      "welcome": false,
      "mute": false,
      "simi": false,
      "antilinkch": false,
      "antisticker": false,
      "blacklistjpm": false
    },
    "120363286020240199@g.us": {
      "antilink": false,
      "antilink2": false,
      "welcome": false,
      "mute": false,
      "simi": false,
      "antilinkch": false,
      "antisticker": false,
      "blacklistjpm": false
    },
    "120363327162263607@g.us": {
      "antilink": false,
      "antilink2": false,
      "welcome": false,
      "mute": false,
      "simi": false,
      "antilinkch": false,
      "antisticker": false,
      "blacklistjpm": false
    },
    "120363162611448409@g.us": {
      "antilink": false,
      "antilink2": false,
      "welcome": false,
      "mute": false,
      "simi": false,
      "antilinkch": false,
      "antisticker": false,
      "blacklistjpm": false
    },
    "120363373558434063@g.us": {
      "antilink": false,
      "antilink2": false,
      "welcome": false,
      "mute": false,
      "simi": false,
      "antilinkch": false,
      "antisticker": false,
      "blacklistjpm": false
    },
    "120363022485693612@g.us": {
      "antilink": false,
      "antilink2": false,
      "welcome": false,
      "mute": false,
      "simi": false,
      "antilinkch": false,
      "antisticker": false,
      "blacklistjpm": false
    },
    "120363333919180357@g.us": {
      "antilink": false,
      "antilink2": false,
      "welcome": false,
      "mute": false,
      "simi": false,
      "antilinkch": false,
      "antisticker": false,
      "blacklistjpm": false
    },
    "120363333437287847@g.us": {
      "antilink": false,
      "antilink2": false,
      "welcome": false,
      "mute": false,
      "simi": false,
      "antilinkch": false,
      "antisticker": false,
      "blacklistjpm": false
    },
    "120363191276032387@g.us": {
      "antilink": false,
      "antilink2": false,
      "welcome": true,
      "mute": false,
      "simi": false,
      "antilinkch": false,
      "antisticker": false,
      "blacklistjpm": false
    },
    "120363190230379465@g.us": {
      "antilink": false,
      "antilink2": false,
      "welcome": false,
      "mute": false,
      "simi": false,
      "antilinkch": false,
      "antisticker": false,
      "blacklistjpm": false
    },
    "120363350662096650@g.us": {
      "antilink": false,
      "antilink2": false,
      "welcome": false,
      "mute": false,
      "simi": false,
      "antilinkch": false,
      "antisticker": false,
      "blacklistjpm": false
    },
    "120363206008476602@g.us": {
      "antilink": false,
      "antilink2": false,
      "welcome": false,
      "mute": false,
      "simi": false,
      "antilinkch": false,
      "antisticker": false,
      "blacklistjpm": false
    },
    "120363375828780188@g.us": {
      "antilink": false,
      "antilink2": false,
      "welcome": false,
      "mute": false,
      "simi": false,
      "antilinkch": false,
      "antisticker": false,
      "blacklistjpm": false
    },
    "120363152596511180@g.us": {
      "antilink": false,
      "antilink2": false,
      "welcome": false,
      "mute": false,
      "simi": false,
      "antilinkch": false,
      "antisticker": false,
      "blacklistjpm": false
    },
    "120363312530823786@g.us": {
      "antilink": false,
      "antilink2": false,
      "welcome": false,
      "mute": false,
      "simi": false,
      "antilinkch": false,
      "antisticker": false,
      "blacklistjpm": false
    },
    "120363302686872251@g.us": {
      "antilink": false,
      "antilink2": false,
      "welcome": false,
      "mute": false,
      "simi": false,
      "antilinkch": false,
      "antisticker": false,
      "blacklistjpm": false
    },
    "120363398721720902@g.us": {
      "antilink": false,
      "antilink2": false,
      "welcome": false,
      "mute": false,
      "simi": false,
      "antilinkch": false,
      "antisticker": false,
      "blacklistjpm": false
    },
    "120363350528256427@g.us": {
      "antilink": false,
      "antilink2": false,
      "welcome": false,
      "mute": false,
      "simi": false,
      "antilinkch": false,
      "antisticker": false,
      "blacklistjpm": false
    }
  },
  "database": {},
  "settings": {
    "anticall": false,
    "autobio": false,
    "autoread": false,
    "autopromosi": false,
    "autotyping": false,
    "readsw": false
  },
  "menfess": {}
}